channel_clean,transactions,value,units,value_share_pct
Web,1757,179311.44,2850,51.9920619884451
Mobile App,1277,122385.24,2053,35.48608490652204
Partner Marketplace,422,43185.66,693,12.521853105032864
