product_category_clean,transactions,value,units,value_share_pct
Electronics,856,186532.0,1368,54.08569194931814
Home,762,63723.1,1225,18.476765148369154
Apparel,798,53102.76,1313,15.397355515507115
Grocery,688,22769.69,1116,6.6021617691413255
Beauty,352,18754.79,574,5.438025617664274
